dates,s,p,c,m
01/01/2005,500,50,20.02180544,33.20062495
08/01/2005,449.30386,55.88201091,18.67472338,32.71279594
15/01/2005,564.3303793,48.0510986,17.06391104,32.10379634
22/01/2005,493.95746,49.48486702,16.29683174,29.96302361
29/01/2005,541.3640382,42.86762509,17.04180842,33.21589436
05/02/2005,596.7411747,48.67843465,17.1554863,36.57094631
12/02/2005,492.6424398,50.16562388,18.88488156,37.06905303
19/02/2005,513.916516,60.77425584,19.25249381,38.27218579
26/02/2005,524.8367115,52.56455952,19.77171488,37.19673017
05/03/2005,571.6552718,47.67704853,18.88292584,38.74983028
12/03/2005,565.171196,55.83823204,18.94016114,39.55697365
19/03/2005,521.9027649,48.69138294,18.54619749,39.55517681
26/03/2005,551.5418735,51.86165939,18.30904507,36.24282653
02/04/2005,521.2431178,57.92899973,18.3942594,36.0852779
09/04/2005,499.5249368,51.86141052,20.25088482,38.29846123
16/04/2005,566.2475285,52.10622872,20.50784007,37.08229275
23/04/2005,538.6576661,51.12778415,19.87576333,35.60969124
30/04/2005,513.4126531,48.31251419,19.25874737,33.99132767
07/05/2005,566.7323749,53.63125468,19.37300617,33.90616831
14/05/2005,529.877177,51.04648642,18.91993785,32.6147613
21/05/2005,474.8610375,54.05751179,19.45409727,30.01845016
28/05/2005,508.7999235,49.50570481,19.79252419,30.29334703
04/06/2005,507.1428345,45.96719125,20.87903077,29.92552604
11/06/2005,382.4046756,46.17538667,21.0610364,19.17781388
18/06/2005,399.5310324,47.01125541,21.17805709,17.35536865
25/06/2005,438.141062,47.60668822,22.54665225,11.81208337
02/07/2005,382.5825059,42.66901748,23.14009565,12.19479366
09/07/2005,367.5823392,42.3956408,23.27215018,5.611998106
16/07/2005,338.1811419,41.39601827,24.01405932,4.044274499
23/07/2005,323.0737245,41.41942024,24.17389377,7.723152846
30/07/2005,319.9837809,39.48381591,22.3449208,6.445264153
06/08/2005,427.7334443,40.45866838,21.71118789,12.54529623
13/08/2005,447.6102432,44.51250483,21.06980164,12.83971794
20/08/2005,395.2147507,43.58916424,22.32325599,18.54416484
27/08/2005,433.0973285,45.86771767,21.97691521,17.80163559
03/09/2005,392.7774076,46.07599913,22.6742854,14.91540064
10/09/2005,483.3755157,45.99277632,23.10016857,19.42650788
17/09/2005,412.6901674,53.09876355,23.96660722,19.54301145
24/09/2005,388.5299907,49.83563655,26.15422701,17.00077821
01/10/2005,404.3853385,50.39358326,25.95168824,20.50396709
08/10/2005,392.9255636,46.49690279,26.61439828,15.78703629
15/10/2005,400.797484,51.58987441,25.10414463,17.54274412
22/10/2005,423.7241993,52.99664935,25.46783882,23.46142155
29/10/2005,424.5130727,60.00843621,27.22214676,25.93514373
05/11/2005,528.8547852,54.29092403,26.30187765,25.50603863
12/11/2005,510.372091,48.62166813,26.4280566,24.72261664
19/11/2005,438.8047303,52.35942577,27.50751913,26.52396457
26/11/2005,403.2881625,44.13586472,27.54375719,23.89307088
03/12/2005,458.0859152,53.85328164,28.22162314,25.68629695
10/12/2005,455.5444021,52.92632481,26.05110901,26.29391503
17/12/2005,427.3598434,50.33280908,26.79721382,26.20467051
24/12/2005,478.7255952,54.44135953,26.96444732,26.31395572
31/12/2005,471.2710921,53.06959047,28.1614076,20.8408159
07/01/2006,396.0157094,48.13225401,28.67686716,20.76878321
14/01/2006,445.9596137,48.53498009,28.49518189,24.05150213
21/01/2006,431.1130357,50.58516868,28.72768453,24.06000602
28/01/2006,446.8635296,50.59961141,29.59754279,29.2960787
04/02/2006,414.9130807,60.15171811,27.8941409,29.76080282
11/02/2006,416.1700982,54.07714816,28.87036232,25.28817195
18/02/2006,380.2885627,57.90272517,30.10754328,23.16461319
25/02/2006,419.1278156,49.23459511,27.94732103,29.7762489
04/03/2006,431.6687855,52.92805145,26.74446636,27.58507943
11/03/2006,495.6714961,56.60406891,24.43200894,32.19669786
18/03/2006,510.0509607,56.91614032,23.09744268,33.06043709
25/03/2006,510.321406,52.21939058,22.59520721,30.9887044
01/04/2006,486.722716,54.15684384,22.16311231,33.58255593
08/04/2006,493.215647,55.23762568,20.59032907,35.0095838
15/04/2006,566.5904903,54.12336524,18.98322345,39.64632863
22/04/2006,521.6212483,50.94150931,18.10609005,38.22330253
29/04/2006,522.1046821,55.27580067,18.92188483,37.26718238
06/05/2006,486.0552548,49.81902685,20.16767178,34.43337716
13/05/2006,624.6884547,50.19446754,18.22223006,37.64366763
20/05/2006,545.3799973,56.25719529,18.86658414,36.83407983
27/05/2006,569.665942,46.58003127,17.95788662,34.76772089
03/06/2006,635.7224631,55.44624964,17.14198544,41.07503449
10/06/2006,545.7220809,50.82834464,16.1886896,39.27315056
17/06/2006,611.6111681,51.80352961,17.21642988,39.53846363
24/06/2006,458.8077004,48.86498741,19.25191027,32.60901844
01/07/2006,543.660061,48.97185457,18.74846491,36.95404264
08/07/2006,508.9271713,50.94405959,17.56746316,35.39063117
15/07/2006,479.919018,51.02679178,18.12687904,35.49502734
22/07/2006,547.5471758,51.05794331,18.9281641,34.25140543
29/07/2006,475.1456558,49.39110158,20.01238632,27.35379236
05/08/2006,494.6026608,46.98140452,21.17532713,25.96256015
12/08/2006,520.4722279,50.42219851,20.96738779,28.08316135
19/08/2006,504.6116099,49.50565235,19.80294775,32.73568885
26/08/2006,462.5376762,51.96678127,19.86494727,32.9128888
02/09/2006,573.3652579,54.19328286,21.44482486,34.69859195
09/09/2006,500.1354283,49.77334673,22.33451875,35.13862441
16/09/2006,496.2522848,49.9270228,22.28582894,33.83761492
23/09/2006,498.6009213,54.72628701,21.62980573,33.70377972
30/09/2006,563.9846473,48.92340889,21.94577367,31.53824318
07/10/2006,493.8034618,54.26275968,24.00001789,38.49558719
14/10/2006,493.6207194,55.19421093,23.67773292,34.42979377
21/10/2006,571.0487957,54.82305182,23.09737786,36.30975975
28/10/2006,484.5492962,59.84264171,24.03631753,37.27197406
04/11/2006,587.0271696,62.19329433,24.20440626,38.51449745
11/11/2006,522.0615568,47.93006085,23.64664941,37.81651278
18/11/2006,539.6821926,55.04187246,24.52844703,34.01432736
25/11/2006,419.8420381,55.04460338,24.70534361,31.65840921
02/12/2006,521.1869445,52.61125976,23.96697703,31.32548871
09/12/2006,492.6297277,53.73079084,22.91904,29.13567554
16/12/2006,481.999115,52.58665209,21.81638722,30.28547461
23/12/2006,468.053172,59.35408744,23.2663602,32.94192839
30/12/2006,526.3989081,44.35326561,23.66635055,34.03131653
06/01/2007,523.365718,55.86645409,22.61118498,37.39604255
13/01/2007,505.8618291,58.8026181,22.1729516,33.41833548
20/01/2007,507.6437704,57.88353458,22.89129609,32.70090713
27/01/2007,545.9611353,54.34776854,22.51566428,36.7586531
03/02/2007,539.9241871,54.28565207,21.93816312,36.9882586
10/02/2007,482.5231716,51.01477617,21.3375748,33.70535805
17/02/2007,510.4863812,46.16477131,20.64806459,30.24055558
24/02/2007,536.6805984,50.93320836,20.87602959,34.36983295
03/03/2007,528.9974881,54.75621474,21.46098982,35.239024
10/03/2007,520.3583049,59.23072386,21.71056762,35.88857148
17/03/2007,558.8471535,60.43870551,22.12188721,34.98127988
24/03/2007,524.2457831,58.6437296,20.89979131,34.95521541
31/03/2007,559.8523799,51.67209363,21.32625406,33.13845662
07/04/2007,480.6867084,54.01520575,21.8720522,36.42132161
14/04/2007,525.1340497,51.91440621,21.63533471,36.3498515
21/04/2007,491.1721749,57.56115048,21.77198899,37.01008759
28/04/2007,485.346937,55.60588672,21.18818353,37.36321777
05/05/2007,515.7210152,52.44005596,21.28145733,38.97003531
12/05/2007,560.222323,55.19569887,21.25030229,35.78031029
19/05/2007,507.8451064,53.08775082,20.70173529,35.64273711
26/05/2007,558.547384,54.23955826,20.31344642,40.1249951
02/06/2007,538.8654217,50.34555272,18.80457741,34.88251009
09/06/2007,532.0785366,40.75907389,19.15702858,31.50547444
16/06/2007,529.283381,55.67066809,18.45398014,32.34695763
23/06/2007,539.3319507,53.51116804,16.75686613,32.31753573
30/06/2007,578.983141,46.26788825,17.58296993,31.53494916
07/07/2007,584.6475761,60.09913215,18.35643215,34.21028935
14/07/2007,545.2105453,48.22617366,18.01668617,35.9826011
21/07/2007,546.8711177,43.27092343,16.9686925,32.31156308
28/07/2007,563.1401606,49.97606642,17.20205723,38.12391236
04/08/2007,555.4368537,46.89536319,18.50339325,34.59340345
11/08/2007,538.740808,51.2771883,19.0729171,33.07908247
18/08/2007,519.9676223,53.21654594,19.75896711,34.6468
25/08/2007,517.1229507,40.36945357,18.36519935,27.80218838
01/09/2007,478.7980972,41.03858553,18.74063591,23.82726535
08/09/2007,491.4533549,45.84482005,18.5455713,22.67507634
15/09/2007,485.8648995,47.6142042,17.94440056,22.57239035
22/09/2007,428.9200577,49.35655076,16.42486589,29.36344372
29/09/2007,556.3396676,48.2066505,14.80893833,31.70746676
06/10/2007,478.4438857,45.6676891,13.84464056,31.20793412
13/10/2007,543.26506,46.31783942,15.44782537,31.42743441
20/10/2007,525.4391416,46.56838719,17.50879552,31.07056186
27/10/2007,550.4751185,52.36240198,19.06259692,29.95230297
03/11/2007,528.0357369,48.75042837,19.46310214,32.78602262
10/11/2007,463.3853597,48.74513802,17.24245708,27.44969238
17/11/2007,511.3909031,50.27765078,16.88394713,28.66576374
24/11/2007,481.4654456,49.21441672,18.1595953,29.57911748
01/12/2007,511.6881756,52.61058711,19.13295821,33.85497645
08/12/2007,452.5835278,49.5452796,20.35033865,31.17043581
15/12/2007,533.9773932,44.66302148,20.02022766,34.00519969
22/12/2007,552.5028093,48.71936341,20.28568067,36.31149657
29/12/2007,615.701764,51.85937263,19.20576831,34.95622279
05/01/2008,517.2943875,54.29202402,19.79619164,37.07418971
12/01/2008,465.6516682,51.93205155,17.67295217,31.76919314
19/01/2008,537.9763594,52.37402112,19.46576235,36.25648351
26/01/2008,560.0812818,51.04612426,20.3237517,36.68540047
02/02/2008,479.1177303,52.99868268,20.29692978,31.13450544
09/02/2008,476.2710458,51.726356,21.37444156,33.02136554
16/02/2008,515.9018726,56.71348963,20.85547057,32.26496184
23/02/2008,538.5782294,47.93438302,21.4503908,30.03619156
01/03/2008,479.5822018,48.30785002,20.79271462,31.18247745
08/03/2008,535.6559423,56.65682511,21.31250354,35.47412908
15/03/2008,552.8999202,54.01895176,21.30855551,37.68473653
22/03/2008,553.1869963,53.33845102,21.56905019,29.80658542
29/03/2008,459.9022319,55.860754,21.95467188,30.08170711
05/04/2008,447.5480319,51.45504005,22.42072911,30.00506943
12/04/2008,515.7671378,47.29742925,23.26120512,35.49349224
19/04/2008,546.2421611,60.92687481,22.47655136,37.78244956
26/04/2008,463.1359275,57.66926775,20.62610754,40.36498585
03/05/2008,558.5888482,51.57412525,22.05883969,39.21371295
10/05/2008,540.6622599,59.91541723,21.75328245,44.00970681
17/05/2008,495.9211974,60.01344547,22.22971427,43.31794415
24/05/2008,494.7824499,52.69604652,22.2558703,38.44795319
31/05/2008,582.7881796,55.50069443,20.77625471,37.35771065
07/06/2008,550.5118315,53.72745554,20.81038449,40.53583885
14/06/2008,493.4055801,58.30240385,20.98395206,42.71402852
21/06/2008,599.6508319,60.26139771,20.5250751,44.58069226
28/06/2008,538.9943177,52.04508279,19.87201575,39.60414406
05/07/2008,593.0069783,53.14293571,20.08221965,38.61319161
12/07/2008,580.8558237,49.30899079,21.73968205,37.77501106
19/07/2008,480.6472087,54.26298688,21.5813481,37.17336371
26/07/2008,532.2915505,54.64913558,21.13445933,40.7415163
02/08/2008,504.0024995,54.5624028,22.79384358,37.88751674
09/08/2008,568.4399096,56.57250387,21.28072287,35.94521323
16/08/2008,555.8635078,52.33857075,22.00410249,32.9561226
23/08/2008,548.4728971,51.92886561,21.64654996,28.37308462
30/08/2008,486.108425,51.4360432,23.25106022,26.52992154
06/09/2008,429.4015032,51.97972008,23.68641,29.08674991
13/09/2008,437.3003365,50.13588621,23.64549812,31.14832254
20/09/2008,439.5770776,56.60947583,23.61723195,30.32868437
27/09/2008,434.5924952,45.41959923,23.65909406,30.13186735
04/10/2008,478.0448866,44.99051179,23.70733893,27.73632001
11/10/2008,487.4037609,46.40356865,23.17681106,29.60046717
18/10/2008,432.4331712,55.8043557,23.50708746,26.63098114
25/10/2008,467.2936696,48.22507951,22.19632065,25.32416854
01/11/2008,474.1494192,52.21701152,22.71832803,30.16973101
08/11/2008,515.1521419,58.66452453,23.82925283,35.79136007
15/11/2008,586.0644916,53.9992755,22.27699612,36.59867417
22/11/2008,545.9245402,58.4812701,22.81978022,37.3215095
29/11/2008,602.2544165,52.55882607,23.53075453,36.64534664
06/12/2008,465.1366076,50.34883369,23.9472888,35.59583859
13/12/2008,474.757837,52.09881077,24.00027994,35.51146598
20/12/2008,489.3380311,51.08866415,24.16258703,39.31409701
27/12/2008,507.1160578,52.02539899,24.62439995,35.54647699
03/01/2009,479.2298321,53.40063288,25.26291214,36.63991991
10/01/2009,481.6441252,56.00914537,25.49293812,35.37894987
17/01/2009,525.1909124,52.7590507,27.58369968,36.2600704
24/01/2009,482.0090522,57.96903693,28.63134513,33.34579453
31/01/2009,474.2752104,48.38634591,27.89611016,28.69044449
07/02/2009,410.784068,55.92477893,28.31380308,25.94245328
14/02/2009,445.6655788,51.76129268,27.11671816,29.38111494
21/02/2009,481.0788862,57.43666398,28.50707465,34.13791438
28/02/2009,513.4760819,65.88952128,29.09139437,34.98278
07/03/2009,438.9712797,51.3041362,28.5474439,33.28153306
14/03/2009,505.3064949,59.00109468,28.24860398,34.31484906
21/03/2009,449.96915,51.02810169,26.39884936,31.16416124
28/03/2009,427.6624172,56.22811808,27.17281688,33.4456219
04/04/2009,476.7063217,55.30123069,26.81889864,34.22810424
11/04/2009,489.2357855,55.24805358,25.36268358,34.06279518
18/04/2009,498.2184512,52.59401489,26.90957836,33.28609694
25/04/2009,505.7046932,64.74910378,26.53669831,36.10807731
02/05/2009,478.2687572,62.6244158,28.05459598,35.66506859
09/05/2009,448.2732834,53.14455468,24.94049664,36.13369979
16/05/2009,519.4050217,55.34879855,23.94023408,33.6418554
23/05/2009,467.9274557,55.30634097,20.9131051,27.97408074
30/05/2009,504.7704564,53.83459183,22.15312062,28.5842985
06/06/2009,513.1417728,51.55966585,21.86880554,23.07459767
13/06/2009,385.1403151,51.1480281,20.46045774,22.39643425
20/06/2009,439.0218582,44.00455408,20.39326966,23.36021344
27/06/2009,517.2958668,50.85698562,19.41406239,24.88757797
04/07/2009,468.8419839,45.46026597,19.88362993,24.92527627
11/07/2009,448.0100851,48.7244114,19.36634137,24.59265896
18/07/2009,424.552769,43.62310244,18.24593683,19.77825838
25/07/2009,425.2629251,47.71235716,17.48860135,20.15768785
01/08/2009,472.4720868,45.53390953,20.10795178,19.63713139
08/08/2009,396.5305883,45.0150254,19.96150719,17.77881049
15/08/2009,411.5743395,41.85495915,19.14905743,15.65005104
22/08/2009,451.7059876,36.77478927,18.73059097,14.06878904
29/08/2009,466.9564361,42.81679963,19.57670305,16.19041595
05/09/2009,454.1814011,43.77960607,19.45742333,14.01519494
12/09/2009,517.9442197,45.14400258,18.46813953,15.83851919
19/09/2009,462.7867464,50.04079772,19.2363076,19.71187654
26/09/2009,481.7881943,41.94072663,18.94659889,21.41833503
03/10/2009,436.4706202,49.7367197,19.01143327,20.50427422
10/10/2009,458.9160193,49.46822413,17.87070448,20.50904852
17/10/2009,481.4547778,41.72457037,18.29654213,20.96769155
24/10/2009,511.7002231,46.76398322,17.35908141,22.13513514
31/10/2009,486.246375,49.62777323,16.75014059,25.72188805
07/11/2009,485.7840932,49.57330952,16.21351153,23.86186209
14/11/2009,468.862463,37.29907809,17.46322164,19.54573016
21/11/2009,524.3823386,42.30657663,18.19428152,21.41014528
28/11/2009,459.1325338,46.02843854,19.01739338,19.04385271
05/12/2009,497.9095503,53.40973615,20.68700647,27.92608572
12/12/2009,475.017817,44.61758419,21.12983924,21.94465679
19/12/2009,551.7174859,54.42746374,21.20755519,23.7801301
26/12/2009,470.4012741,41.75593141,19.98057257,20.32990958
02/01/2010,476.9073265,41.21795038,22.20316673,23.66616357
09/01/2010,443.1300896,43.13622187,22.04285611,28.21350025
16/01/2010,436.7725118,48.97999364,22.18164061,25.21384782
23/01/2010,535.6075639,45.6553598,22.10128632,26.77406534
30/01/2010,527.4158805,48.47103484,22.73573186,25.95239415
06/02/2010,464.037179,47.58848784,22.23879631,26.77367512
13/02/2010,479.8548031,54.2023082,23.7510028,30.38433917
20/02/2010,499.6254968,45.00774067,23.78102089,28.14654753
27/02/2010,487.0100304,59.71411635,22.72304433,30.5227542
06/03/2010,518.2700312,46.27249476,20.90578622,29.66344045
13/03/2010,436.7286262,54.83656524,19.44823745,24.82580254
20/03/2010,457.5708438,51.89756624,19.92414118,26.7508557
27/03/2010,459.4055453,46.33429169,20.75381024,27.14553824
03/04/2010,465.8321592,47.58182813,20.83876481,25.05003081
10/04/2010,555.5580829,48.61034493,21.04238263,24.20453534
17/04/2010,465.2057598,53.17083375,21.40944351,25.27973785
24/04/2010,426.6437463,51.43505127,22.21233354,27.3384465
01/05/2010,404.8870498,53.19840233,24.52027801,32.54761361
08/05/2010,505.9609455,59.1010861,23.53838654,35.52123363
15/05/2010,535.2967586,46.31094714,23.67819347,32.70268739
22/05/2010,425.1339753,49.36616681,24.01393113,31.05526443
29/05/2010,512.7113058,49.44172675,24.60900305,31.96167533
05/06/2010,502.3267146,52.20037693,24.14744717,27.56479376
12/06/2010,501.0608884,55.58220404,26.25499682,33.58584717
19/06/2010,563.2612844,53.26566093,27.56407955,33.9985727
26/06/2010,469.0284516,58.02291147,27.93631756,34.16662532
03/07/2010,461.1955817,58.05024744,26.69112503,32.08092636
10/07/2010,472.0013852,55.8832971,29.20597863,31.24983732
17/07/2010,465.9458065,51.50378366,27.6676219,30.31987054
24/07/2010,465.1721599,62.35439665,28.44662382,32.9111309
31/07/2010,478.1573752,58.72614414,27.86244131,34.46051132
07/08/2010,483.2638718,50.77309919,26.25558054,36.38355936
14/08/2010,553.0396625,56.58872441,25.07863031,41.54944147
21/08/2010,550.3120231,58.84644754,24.69145794,41.57461817
28/08/2010,509.7202657,49.92246591,25.09364588,37.35343425
04/09/2010,501.7410937,60.29083342,24.55576455,39.49014175
11/09/2010,488.3080922,59.43154185,26.45303998,35.54512648
18/09/2010,471.8370659,60.08903221,26.2067011,40.17750781
25/09/2010,488.8684341,59.79766856,26.34389373,38.11531532
02/10/2010,536.0313606,61.08713669,25.35379313,41.04207565
09/10/2010,502.3542379,66.57560397,25.90367299,42.65422167
16/10/2010,537.066745,57.08361688,25.49079996,39.10582084
23/10/2010,511.1431917,58.97484016,26.07893399,39.22706624
30/10/2010,525.1505259,57.73635665,25.68278402,41.32203727
06/11/2010,498.9306776,57.58181705,26.58162943,39.49690217
13/11/2010,542.8141279,59.62026828,26.55873331,37.4621201
20/11/2010,580.1024172,56.85147875,27.1449621,35.03469142
27/11/2010,501.4523759,60.59420367,27.68944553,40.21274685
04/12/2010,552.5367609,61.63586942,28.23423121,37.93860466
11/12/2010,511.7295065,49.97858619,26.62031232,39.42028891
18/12/2010,494.1705293,58.00838491,26.66158308,39.75050827
25/12/2010,411.8304502,50.74427546,24.67747753,31.00949928
01/01/2011,483.6016076,56.15008534,23.25472999,34.60519748
08/01/2011,425.3041121,50.54587497,22.72078005,30.71461246
15/01/2011,523.5697674,55.34440722,22.45189652,35.14107613
22/01/2011,463.7255473,62.99915534,23.27841519,33.22736363
29/01/2011,546.8435209,48.9698884,21.28106698,32.31334609
05/02/2011,465.2963131,49.57265661,21.36443562,31.62694472
12/02/2011,542.7920009,58.08005147,20.82310085,33.43036465
19/02/2011,521.7470922,56.28077824,19.2708096,33.13380174
26/02/2011,592.6232554,52.54249461,18.11429213,40.00017946
05/03/2011,546.238569,56.44011339,18.78645743,39.3304834
12/03/2011,574.8324495,53.60321551,17.96142569,39.44619908
19/03/2011,555.3011827,50.94117696,19.52551471,35.83722099
26/03/2011,494.2705175,48.62024203,20.58940645,33.62474719
02/04/2011,502.837586,46.5039651,19.93939043,31.94979298
09/04/2011,489.2212354,51.0161804,21.90092087,30.59592706
16/04/2011,458.8478725,53.93235306,21.630052,28.19068263
23/04/2011,421.6666563,41.26392584,20.6218544,24.55609936
30/04/2011,444.1825329,45.73250174,20.79959105,23.54257384
07/05/2011,469.826816,46.34267986,21.71135335,20.90760318
14/05/2011,459.7110446,50.6442881,20.21526095,25.28977562
21/05/2011,494.4119464,51.13466131,21.89535616,25.85877972
28/05/2011,460.1142714,45.71847091,23.86228656,26.4527053
04/06/2011,468.0510626,52.72261523,25.57811095,28.72817079
11/06/2011,508.2815323,53.38377607,25.30047307,30.66060186
18/06/2011,529.7095442,48.20963451,24.48911448,32.07828976
25/06/2011,488.9041331,56.52770306,24.46135146,36.24876334
02/07/2011,438.0006332,54.357025,24.27648743,36.62278831
09/07/2011,561.2099232,50.37478877,23.42955634,37.69651246
16/07/2011,554.88303,46.22945299,21.842312,36.43401939
23/07/2011,533.1923903,56.77948697,21.7156173,35.4289239
30/07/2011,561.7872506,57.71155147,20.74046804,31.25611935
06/08/2011,557.6469862,50.18812235,20.37324354,32.43759287
13/08/2011,479.469355,51.287257,19.42583762,36.65967332
20/08/2011,506.635384,54.43712607,20.09180895,33.61712473
27/08/2011,535.3581758,43.28884185,18.62052233,30.92406069
03/09/2011,492.3573145,45.79270582,15.12699406,31.30665302
10/09/2011,455.9476067,47.7863981,16.16851338,27.28865755
17/09/2011,537.2934378,41.13358477,14.30088304,24.57281984
24/09/2011,541.8891325,41.57087869,15.62529713,26.96135772
01/10/2011,463.1440532,47.57656871,16.32578738,24.1607672
08/10/2011,534.0490287,50.63483763,17.57768868,24.02106674
15/10/2011,464.0851091,41.40649921,17.72318422,22.04822077
22/10/2011,449.9170726,50.51995019,17.83476623,24.6154826
29/10/2011,450.3112252,50.20529154,20.12088844,25.12883856
05/11/2011,469.2077987,48.49082536,18.88378936,27.64358568
12/11/2011,531.8343036,49.69482797,20.17305797,23.64270038
19/11/2011,426.3540889,49.81057426,19.97225499,23.10732031
26/11/2011,505.7646561,41.39081535,19.04947135,24.07833546
03/12/2011,480.5653305,49.45345506,16.85645843,21.38007933
10/12/2011,487.1549261,41.70690929,15.61328821,25.24605073
17/12/2011,498.7320723,52.8630365,15.93884097,29.33298488
24/12/2011,502.0127637,45.82384147,14.59649493,31.86154453
31/12/2011,560.233705,47.27326577,13.47643578,32.66139532
07/01/2012,513.627264,50.80797282,13.90640999,39.81940389
14/01/2012,598.5391725,53.44442736,14.25514837,45.07359682
21/01/2012,630.0002678,50.90296237,14.32919529,42.41244349
28/01/2012,605.5741001,52.6731062,15.611203,42.86791519
04/02/2012,550.0682233,61.23147232,16.21573963,45.48185346
11/02/2012,578.6491156,52.48771016,18.18439168,38.5992817
18/02/2012,550.9794143,46.74800123,19.48514829,37.93332082
25/02/2012,484.8739288,52.54127343,20.38987972,35.4697302
03/03/2012,566.1924984,53.06965264,19.66336741,37.83556492
10/03/2012,529.1918882,51.24934715,20.02616463,34.87776249
17/03/2012,547.5909174,54.47642563,20.8413906,35.62177516
24/03/2012,537.0342098,51.68337906,21.05026501,33.82070556
31/03/2012,599.085977,55.23602365,21.32077478,34.94346027
07/04/2012,497.6810969,45.94688126,21.28267513,28.69890961
14/04/2012,500.4180208,51.86856092,20.46121809,30.33670335
21/04/2012,530.2574054,46.85472576,18.70779049,32.62702909
28/04/2012,520.3675934,58.61616189,18.94470394,32.47361695
05/05/2012,520.8008826,45.73286187,18.49203785,30.23868741
12/05/2012,604.3243543,62.29317215,21.26100476,35.94048523
19/05/2012,497.9678242,54.46608044,20.87551237,38.94667564
26/05/2012,587.1442663,59.2315551,20.1963276,37.84614993
02/06/2012,590.152582,51.62428511,19.25127942,33.77522795
09/06/2012,496.1244371,47.48302472,18.4577341,33.75415274
16/06/2012,493.3014027,50.80702837,19.19306453,33.84070748
23/06/2012,550.8736667,51.9962908,19.13826848,34.08148383
30/06/2012,551.5568216,51.33060036,19.42943559,33.13168124
07/07/2012,507.2699545,53.02462419,20.23036171,37.93447253
14/07/2012,526.2429803,51.50256182,19.77562194,38.73902595
21/07/2012,441.3285949,51.80069463,19.51282584,33.17464037
28/07/2012,461.0419595,51.13112452,20.1041037,38.16309179
04/08/2012,566.8458067,49.81792703,18.7412039,36.96420081
11/08/2012,463.988278,57.08703129,20.09873194,38.42652787
18/08/2012,533.5938862,54.09518314,18.9584923,38.77842441
25/08/2012,535.9031281,52.3259227,19.56374099,39.04759271
01/09/2012,602.2071055,53.72213259,19.43287774,45.91506575
08/09/2012,594.2280737,58.79796464,19.81851903,42.56312423
15/09/2012,636.5646069,56.94009638,20.3677842,40.85500515
22/09/2012,493.2981466,47.47248695,20.52060218,35.58638014
29/09/2012,540.1333641,56.33041348,21.04286076,35.03382274
06/10/2012,504.1801763,52.31959569,19.92431696,37.44227397
13/10/2012,527.4040293,51.75402085,19.35215011,35.50820541
20/10/2012,559.1603094,56.52846926,19.63814714,39.42189825
27/10/2012,523.2633505,51.010092,18.41270604,38.53314031
03/11/2012,541.9931752,53.39504111,17.91980058,35.93375457
10/11/2012,562.5394174,54.93404278,16.41843165,33.40734332
17/11/2012,614.25709,47.5534877,14.89990734,30.3412838
24/11/2012,499.565418,45.03500784,15.19698203,29.90322115
01/12/2012,591.695342,49.12370214,17.41198813,33.35195767
08/12/2012,533.6856434,49.33689794,17.41419627,31.06824148
15/12/2012,499.9908158,43.45799449,18.56044632,27.58006176
22/12/2012,463.4014185,49.47540571,19.77908744,29.49816046
29/12/2012,497.0532183,43.29301293,19.15788537,27.1971962
05/01/2013,514.5637586,46.49734977,20.17382755,27.82869725
12/01/2013,523.2283064,50.97940958,19.51001998,35.29893638
19/01/2013,468.3892143,48.76781843,19.18863891,28.63721511
26/01/2013,471.1975871,46.25586384,17.99821943,28.20531883
02/02/2013,516.2389339,49.02641495,17.8358436,29.71611335
09/02/2013,462.6640739,49.83046611,16.74857869,28.72800378
16/02/2013,566.6807812,46.87507884,17.05519911,32.48688132
23/02/2013,523.8211796,47.32590707,17.82555559,32.23629925
02/03/2013,519.7796088,47.23871996,20.0927886,27.64554075
09/03/2013,497.3843882,46.58900212,21.00098456,24.82475569
16/03/2013,476.4256817,50.40367538,20.47872728,30.45385775
23/03/2013,422.3707904,46.94379172,20.16432341,24.78036884
30/03/2013,451.3350651,51.06783156,20.71137821,24.24149097
06/04/2013,521.8834145,50.34588563,19.95916282,26.75005251
13/04/2013,546.0371355,52.11531372,19.39339676,23.87388396
20/04/2013,444.4542312,49.99726169,18.8396404,24.33564717
27/04/2013,433.0720105,49.45988752,18.3991602,23.05455718
04/05/2013,481.5652685,47.73599643,15.54358555,22.63000076
11/05/2013,458.7613989,38.70129476,16.05780838,22.35816786
18/05/2013,480.6993343,42.80095663,16.66257936,21.02520361
25/05/2013,525.8384206,44.23136296,16.31833226,24.37227656
01/06/2013,548.7338487,48.88273481,16.36689254,23.72149795
08/06/2013,497.9538347,49.23117294,16.78775265,26.98615266
15/06/2013,546.374491,51.48843773,16.16634095,25.21704605
22/06/2013,514.9303955,47.5801162,17.35617251,23.84302937
29/06/2013,475.8660561,47.26481183,18.43557808,29.0745336
06/07/2013,525.9876646,50.45680691,17.5351787,26.01154941
13/07/2013,489.227831,43.45515478,18.03545322,27.4786586
20/07/2013,455.9082814,50.07279754,20.06993206,25.68690318
27/07/2013,459.2034303,50.7560581,20.41073993,27.28466926
03/08/2013,477.0862594,42.86490117,20.24509355,24.68987944
10/08/2013,436.3624169,48.68337,20.45463589,25.77392334
17/08/2013,434.220027,47.71338917,21.5064729,23.36796263
24/08/2013,483.5745598,51.44038307,21.97683526,27.64203629
31/08/2013,522.3951239,52.04605552,21.86243278,28.67312277
07/09/2013,466.6116691,55.29485125,21.90871638,30.35082921
14/09/2013,489.5759141,49.57534654,20.42124789,27.22778865
21/09/2013,491.6786029,53.30041974,19.52372434,26.08452789
28/09/2013,475.7834141,46.96262817,18.77032683,27.34506317
05/10/2013,477.5807483,46.63838205,20.53992718,33.62197792
12/10/2013,510.7203849,57.54781181,17.79057195,33.38432164
19/10/2013,567.9988369,56.22553232,19.53795574,32.88888855
26/10/2013,498.0173741,45.46218719,21.08411558,32.04594258
02/11/2013,506.5098775,51.02742979,20.39932302,28.55848181
09/11/2013,504.7418749,50.43538056,21.17848768,28.76140804
16/11/2013,507.6334566,46.76636107,20.90991222,30.79702973
23/11/2013,509.3857067,49.23479251,19.55997472,32.68201053
30/11/2013,467.7714514,53.06119726,20.17611332,35.01141455
07/12/2013,543.5936749,51.05833697,20.98545123,34.39759118
14/12/2013,449.8821675,50.45134274,20.86553287,30.05458713
21/12/2013,409.2792269,52.4684766,21.85006651,27.55844091
28/12/2013,472.2951393,45.28436118,20.91384725,25.06069251
04/01/2014,489.9806592,47.91057923,22.64679904,30.44482499
11/01/2014,515.5941926,53.30528469,23.18000281,29.9095103
18/01/2014,499.9760727,48.11808203,23.90640996,24.29744006
25/01/2014,445.1111118,55.01616591,24.05817353,22.20074744
01/02/2014,418.1539445,42.90038059,22.89702748,20.67221271
08/02/2014,417.0498501,48.98837636,23.20841142,21.02715584
15/02/2014,495.0089153,43.64650241,22.67856484,19.67879503
22/02/2014,433.1350239,44.63119104,21.39440672,20.61183105
01/03/2014,475.6870084,45.52598892,21.42114181,21.75344293
08/03/2014,454.9633444,43.8189063,22.09457645,26.88489754
15/03/2014,483.8270779,51.44143082,21.99105299,27.85719543
22/03/2014,531.9540202,56.94492343,20.7230896,28.5301975
29/03/2014,580.3974515,54.92649487,19.64125075,31.32006292
05/04/2014,526.3151956,49.52201207,18.34711628,33.29625685
12/04/2014,515.1954366,44.71416705,18.2782424,34.30106559
19/04/2014,570.807678,48.76378989,15.67733666,36.0689574
26/04/2014,601.9382916,48.5591805,15.88282786,37.28669973
03/05/2014,515.7090358,51.68955172,15.21957644,31.37306549
10/05/2014,485.5647177,45.06915385,16.40995894,29.37978324
17/05/2014,493.8613307,55.68855775,16.84075869,34.96463234
24/05/2014,473.0256493,47.78611436,16.31945218,39.96315582
31/05/2014,604.7234738,51.45924598,16.04313638,37.48642786
07/06/2014,528.6150075,53.28631738,17.81743083,36.78949551
14/06/2014,568.4417285,50.52827187,15.49109978,33.16167762
21/06/2014,514.9299889,48.41522749,15.66741429,32.62619818
28/06/2014,540.235954,50.18569358,14.8610495,35.03280901
05/07/2014,560.594642,49.81244732,14.7842208,32.68122931
12/07/2014,586.0617667,51.78977534,14.74851497,36.64640532
19/07/2014,540.28141,45.0044136,14.7465923,35.48071705
26/07/2014,479.8403548,50.15464055,16.04150894,28.00491315
02/08/2014,549.7893719,46.90169801,15.81954567,30.93200413
09/08/2014,478.5712134,48.80973051,15.41606177,31.27238795
16/08/2014,525.6106829,43.35486809,15.30559581,30.02844564
23/08/2014,560.4924,48.12262083,16.91682829,29.86556207
30/08/2014,482.861094,48.12880589,16.60124896,29.18810073
06/09/2014,497.6185938,48.14178482,16.52940778,29.50071025
13/09/2014,544.1753698,46.75079375,17.04178772,28.91423561
20/09/2014,496.4219684,48.82442289,18.92101827,25.25097316
27/09/2014,413.8996651,44.67150017,17.60391709,20.09773937
04/10/2014,422.2818865,50.44827886,17.31378407,17.07349874
11/10/2014,361.5646624,43.20308696,19.79286558,20.49606871
18/10/2014,446.1374696,42.27455419,19.8241885,23.35233552
25/10/2014,483.7497187,45.43262602,19.93072714,25.85714835
01/11/2014,488.0724219,47.69951507,21.41081315,23.96948824
08/11/2014,507.6668568,42.89258297,21.37779852,30.99646225
15/11/2014,458.7083487,43.4143475,22.23495777,23.47771858
22/11/2014,438.8790587,48.64816244,22.42187414,23.71743064
29/11/2014,487.558224,52.58429618,21.88562803,28.50686448
06/12/2014,506.9436647,49.21550556,22.4139616,29.43385239
13/12/2014,438.9629289,52.04230431,23.8476218,26.36194693
20/12/2014,507.6133755,55.42547449,23.5773904,25.59846394
27/12/2014,449.7176823,45.3191826,22.86710325,27.31507329
03/01/2015,435.5547241,53.96892155,23.68489744,30.27653926
10/01/2015,504.2683613,55.00092293,23.93445336,35.13297999
17/01/2015,494.813915,49.62098277,24.40480079,35.42289216
24/01/2015,507.5962908,43.27639936,24.10635182,35.85744517
31/01/2015,494.1642523,52.64754417,22.44259588,32.87841576
07/02/2015,539.285693,51.51058348,23.62136511,33.55650981
14/02/2015,524.2413648,51.61003553,23.03772824,32.08045403
21/02/2015,465.0333405,50.18392843,23.1786957,38.11294207
28/02/2015,549.9180179,56.55498885,23.36980321,42.54203241
07/03/2015,496.4606474,55.4564346,22.74658834,33.39234714
14/03/2015,503.8236361,52.52798956,22.92694506,37.30293419
21/03/2015,543.6157737,54.62330598,23.11355612,39.60635059
28/03/2015,457.338892,52.04480826,23.55472321,33.74375492
04/04/2015,517.9251721,59.37583583,21.93553914,29.82909745
11/04/2015,446.4485214,47.08470446,23.96463904,26.46479639
18/04/2015,452.4150198,46.35423245,23.03483988,27.48689045
25/04/2015,504.3766016,53.51697413,21.95560784,28.82045361
02/05/2015,542.9473126,53.89333341,23.5722516,35.64780334
09/05/2015,527.1114056,52.58199816,22.69807258,33.339901
16/05/2015,548.8482154,54.89437221,24.19022903,36.3193249
23/05/2015,544.4607948,50.0042174,23.91541212,39.68551708
30/05/2015,519.2239046,56.92485979,24.94561746,40.74621499
06/06/2015,520.1471562,55.12624125,25.78454242,43.66073365
13/06/2015,494.2976785,59.5673162,25.79715141,37.26638394
20/06/2015,555.2219003,63.01839027,23.78856833,40.32641033
27/06/2015,505.0236253,54.41920137,24.45445403,41.06507525
04/07/2015,495.9356849,52.77290279,25.15897577,38.26889561
11/07/2015,477.3740084,58.6134972,25.35587383,39.76017006
18/07/2015,501.9817847,58.19826198,24.84765847,41.83104657
25/07/2015,527.1072297,54.66783561,24.75397585,36.37974768
01/08/2015,453.3857362,56.598801,24.03064512,38.08505633
08/08/2015,494.3694707,56.94694205,25.28680623,34.77868682
15/08/2015,506.8784061,54.45779548,26.33294484,35.59599065
22/08/2015,462.5886883,53.89217613,25.69385787,33.27192076
29/08/2015,490.3570183,50.62116414,23.82898402,27.74085907
05/09/2015,499.6213991,51.5631206,23.97926493,29.4651377
12/09/2015,460.539436,55.12008512,24.00257699,30.78463037
19/09/2015,467.9785614,56.66885138,23.85818086,35.06419841
26/09/2015,427.2010652,48.85784659,23.99013442,25.09133621
03/10/2015,431.5134799,49.39196328,23.69886052,21.56689566
10/10/2015,496.613512,52.73564232,22.90272864,20.10337014
17/10/2015,441.8913606,45.86051745,23.16656571,25.97674965
24/10/2015,482.2347087,52.11875228,24.09540973,28.63636578
31/10/2015,466.7838696,50.83024349,23.52230304,27.73747029
07/11/2015,480.4318601,48.24585477,23.96600371,27.39910067
14/11/2015,458.8067716,48.09713418,22.982577,24.95764055
21/11/2015,431.8637733,48.43633216,24.00376316,26.34255627
28/11/2015,451.5936769,45.69575198,23.63112585,24.81420597
05/12/2015,454.0987462,52.99653569,22.41191661,25.01027059
12/12/2015,437.0390002,48.23682464,21.11874898,25.07337303
19/12/2015,417.4065491,40.24567579,22.98627937,18.21245455
26/12/2015,430.9003421,45.67005268,24.0118754,18.44854431
02/01/2016,432.0397899,38.02608185,23.58537919,17.94977964
09/01/2016,360.7074991,47.5865598,23.7760067,14.85818481
16/01/2016,431.164981,50.12195005,22.89770369,21.12879369
23/01/2016,475.9934573,49.53815487,22.16119201,23.38262457
30/01/2016,433.097958,46.54178337,22.45482001,21.25309525
06/02/2016,501.0925253,43.89424448,21.06879035,21.74934146
13/02/2016,457.0343731,53.11699316,19.99980511,23.80289021
20/02/2016,468.4766531,43.17789626,18.27253392,25.9546405
27/02/2016,486.0678746,51.58105058,19.3996081,24.00610752
05/03/2016,471.1113541,46.24402167,19.59487777,23.58757629
12/03/2016,464.7585091,49.21729671,19.6361331,25.40324982
19/03/2016,523.3282361,48.38588336,17.89604153,25.00164321
26/03/2016,477.0584618,44.61702908,18.70220981,26.80843782
02/04/2016,481.219886,50.2973395,19.68552645,25.43540355
09/04/2016,454.3850396,48.07854877,20.33063101,21.41908792
16/04/2016,480.4829286,41.03813964,18.7833609,15.99541093
23/04/2016,426.9793128,44.81220312,20.56515332,14.39957365
30/04/2016,439.5611618,45.57158555,21.66596632,14.11119833
07/05/2016,404.1917023,45.43921967,20.99315578,17.86653474
14/05/2016,413.9092379,42.59506981,21.37400894,12.01500533
21/05/2016,386.6315468,43.59831122,20.79747761,12.59414223
28/05/2016,443.4932593,39.13315107,20.77396593,6.067137303
04/06/2016,397.1912099,43.95783851,21.33677266,9.806453907
11/06/2016,393.663414,45.84511844,21.36717455,17.97148154
18/06/2016,414.3692763,45.08788913,21.60632679,21.04070578
25/06/2016,534.4142368,54.73925307,22.89899063,24.92557865
02/07/2016,514.6064793,47.60989886,20.9864304,28.972064
09/07/2016,495.0314599,49.18570988,23.15787949,29.83786332
16/07/2016,478.7222008,51.50449703,23.46812341,33.99074742
23/07/2016,485.4328014,52.06415016,23.53773006,31.68817594
30/07/2016,493.7315724,47.06040755,23.14065273,36.49661454
06/08/2016,446.6273847,47.97230185,20.87819882,32.53589865
13/08/2016,516.8364708,53.74307762,20.81774649,32.45531783
20/08/2016,540.15011,57.33497436,20.83065868,35.99527535
27/08/2016,505.5178678,52.42643696,21.09739004,34.95321244
03/09/2016,480.7001873,57.6182747,22.80562009,31.85213124
10/09/2016,524.6712447,51.67634076,22.45793889,33.31173739
17/09/2016,412.7167967,50.2534394,22.41138566,27.76422736
24/09/2016,533.7078792,48.87656904,20.32787937,28.36178369
01/10/2016,537.7845581,51.66954229,20.7611835,27.76926363
08/10/2016,505.2141545,51.04635666,22.16181169,31.55717806
15/10/2016,566.4884314,54.86505733,21.42558315,29.35870356
22/10/2016,518.8164843,57.63366499,22.78949735,27.26621836
29/10/2016,527.4422046,44.9920242,23.89720558,28.52003087
05/11/2016,490.285275,56.00205974,23.0326067,28.05956549
12/11/2016,486.2947486,49.19478827,23.78622231,32.79521301
19/11/2016,472.8640965,56.04507126,25.12067211,29.68541629
26/11/2016,488.6371943,49.69745298,24.20283072,27.60048443
03/12/2016,510.684833,51.04853029,23.30364902,27.63049249
10/12/2016,541.4146228,55.73930194,23.29128654,28.15635468
17/12/2016,450.4118659,50.6603067,20.54577819,29.02383075
24/12/2016,460.2581985,45.33022423,20.74496911,25.6188741
31/12/2016,527.0099497,52.25445487,20.32013484,25.36545434
07/01/2017,465.0784281,44.1663988,18.62225561,19.98580973
14/01/2017,484.402058,48.4471392,18.94326953,15.07873769
21/01/2017,399.1230633,47.33986487,20.18850031,17.85131792
28/01/2017,396.7509447,44.22222338,19.80837666,17.08652369
04/02/2017,497.8998466,51.43411046,19.75575007,17.33474963
11/02/2017,456.2625969,44.11062729,19.73572926,18.11772647
18/02/2017,425.6056206,50.53786915,20.50981844,25.55623165
25/02/2017,484.6589733,43.01279849,19.97586434,24.97990974
04/03/2017,445.5009792,44.07253697,19.35911774,24.19644998
11/03/2017,526.7058624,48.78280945,19.86401357,25.51407555
18/03/2017,450.5835577,47.86339357,20.35454941,29.10763022
25/03/2017,526.3215728,48.80662692,21.1153431,24.51771917
01/04/2017,442.5800739,53.16354593,19.17406095,23.89960082
08/04/2017,499.2919597,48.13262692,19.84369744,29.29801221
15/04/2017,498.3465605,52.71910513,20.34504299,25.13546262
22/04/2017,494.2246376,55.03786517,21.3646263,27.71110752
29/04/2017,412.1319288,51.03458305,21.21661647,28.14689272
06/05/2017,558.4547836,51.75462738,20.13517308,27.23794393
13/05/2017,473.4804397,50.55964011,23.16371849,29.0810652
20/05/2017,546.7791323,51.55225381,22.41913954,28.56454839
27/05/2017,501.1353717,53.46674857,23.31018044,27.84992961
03/06/2017,435.6354134,52.86899313,24.46140294,32.44658754
10/06/2017,460.9567226,55.90634118,25.10223883,38.3682347
17/06/2017,561.050274,52.82812718,23.96756443,39.42808209
24/06/2017,469.9664285,59.72061177,25.56499244,45.03802287
01/07/2017,608.999921,63.22314177,24.98864032,48.68639163
08/07/2017,543.5390113,55.15844584,24.78959212,43.62990758
15/07/2017,551.8405467,51.891846,24.64347122,42.61168018
22/07/2017,505.938667,55.72873322,25.73122482,41.54664777
29/07/2017,472.9194385,57.27101561,26.49223554,38.29890626
05/08/2017,505.2242006,57.26061017,25.89549915,36.99727973
12/08/2017,470.4631654,58.68473459,25.51928818,36.99218543
19/08/2017,443.478063,55.46725961,25.83941452,33.96151796
26/08/2017,485.2579051,63.58043754,24.91503508,40.471534
02/09/2017,509.0816128,52.00983875,23.65057101,37.97816371
09/09/2017,384.9812858,52.8478496,25.41052412,37.34863332
16/09/2017,389.8872031,51.80179577,24.74983613,33.3739274
23/09/2017,514.5563806,54.59857609,25.40053788,33.47155052
30/09/2017,457.667625,51.56691562,25.67495796,29.35093931
07/10/2017,499.214773,47.92305086,25.70097616,32.05273466
14/10/2017,542.9132821,57.68949703,26.27851025,33.51730954
21/10/2017,450.4818049,55.97290696,26.60895813,30.20155902
28/10/2017,460.6798773,48.49913704,24.4701325,31.71589853
04/11/2017,497.4822957,57.04966957,25.38680682,32.48864915
11/11/2017,459.1884017,51.19216063,25.13013827,32.98501154
18/11/2017,529.0548095,59.40367597,24.11366654,36.0635929
25/11/2017,443.877465,60.11126321,22.71454215,35.04762155
02/12/2017,542.0178152,53.51096335,22.06918739,35.32856418
09/12/2017,508.5987757,51.9772834,22.9400661,36.60498076
16/12/2017,531.4606189,53.01617023,23.96100626,35.26687176
23/12/2017,473.4935939,55.75164482,22.82170522,38.0957973
30/12/2017,540.9640727,50.7978735,22.21780429,40.14061314
06/01/2018,506.078773,52.0284461,21.84897697,35.94836012
13/01/2018,507.6500323,60.16933355,21.31938312,33.56680928
20/01/2018,408.6699618,52.41325562,21.60956823,29.17290211
27/01/2018,546.9817156,47.9763827,20.3704955,28.19501847
03/02/2018,555.1055364,48.22234016,20.60855394,28.73496948
10/02/2018,493.9850404,45.48029147,20.9650486,31.68238105
17/02/2018,519.2277975,46.69624039,22.273875,26.0384669
24/02/2018,481.7977638,51.43157158,21.44525122,23.98519093
03/03/2018,445.148483,45.09673322,21.7817647,26.66621479
10/03/2018,427.6442416,44.17779678,20.4540871,28.06924047
17/03/2018,513.3828651,53.55651443,18.29077544,29.48210076
24/03/2018,468.7392537,49.00272715,17.89537642,25.18105992
31/03/2018,464.8025308,44.75310668,16.02745366,26.15863429
07/04/2018,512.7239034,49.15438086,16.67406298,22.85813242
14/04/2018,504.6158109,45.93492279,16.95818315,20.91107811
21/04/2018,519.3498209,49.45158352,18.26728482,25.98495424
28/04/2018,476.531119,46.90824205,18.62469513,26.91644005
05/05/2018,518.0286126,51.88208775,18.16446489,32.57686033
12/05/2018,528.9577513,43.03678514,19.8967176,29.63674912
19/05/2018,491.5300344,56.31361023,20.29123151,34.34518472
26/05/2018,515.9567188,55.65048511,20.2701562,32.85386714
02/06/2018,550.2299314,46.41033451,20.4905288,28.45310936
09/06/2018,505.2322964,48.24289445,21.04710247,27.69124459
16/06/2018,472.4519543,43.30532265,18.60378738,29.80172293
23/06/2018,486.733086,50.09455396,18.51207427,25.89793695
30/06/2018,514.1669645,47.47866522,17.60891919,24.86794159
07/07/2018,545.8684779,39.49995853,17.31332413,24.31898303
14/07/2018,435.3551814,38.71156621,17.12921772,23.46490837
21/07/2018,488.0999663,47.74832129,17.82967759,23.69236729
28/07/2018,552.4888541,47.93935867,16.48718266,23.34393374
04/08/2018,483.4419828,47.00806019,17.50054592,23.07391874
11/08/2018,418.0686362,45.72428734,17.43919279,24.61046924
18/08/2018,503.9435119,47.93851381,17.81262076,24.28639388
25/08/2018,514.0331575,48.96563378,18.46840751,23.35867264
01/09/2018,425.7900085,46.06070809,16.9840057,22.58189093
08/09/2018,516.4440792,48.69477089,17.03399841,19.70265903
15/09/2018,433.4467848,40.58603133,18.95085542,20.41486812
22/09/2018,527.1752012,47.68293184,20.7263456,25.20372214
29/09/2018,446.4365268,47.768654,20.08280811,26.23103431
06/10/2018,527.1006969,45.35343376,20.34266655,29.73951462
13/10/2018,529.519168,46.60304392,18.56029911,25.84813515
20/10/2018,463.0294089,46.42309408,20.29464133,25.18394273
27/10/2018,457.7042045,55.79219341,22.64397826,23.31265762
03/11/2018,475.0573915,52.76531296,22.38294534,25.5369138
10/11/2018,489.3677824,55.77536314,21.36374556,30.40016188
17/11/2018,458.3793932,54.36852648,22.0908522,29.54118449
24/11/2018,499.642575,48.25461282,22.55760417,31.41451917
01/12/2018,551.7035164,48.43555915,22.88067193,37.96873797
08/12/2018,441.5999201,49.52789788,22.62629526,38.95371891
15/12/2018,557.3336955,51.51854608,21.55125045,37.82822921
22/12/2018,504.2695524,51.25150173,22.43134626,35.81341388
29/12/2018,546.7094289,50.53192265,20.34203076,31.23480834
05/01/2019,461.6644335,56.31410669,21.25268253,32.74269298
12/01/2019,458.7585976,48.74139961,21.34144725,32.48615612
19/01/2019,500.0540703,49.48812495,20.84302306,29.88331455
26/01/2019,492.2493069,54.30915063,21.66236961,39.79937696
02/02/2019,466.1625653,51.44823654,22.16209424,39.49664819
09/02/2019,500.8039205,61.64757871,21.63249666,37.66341207
16/02/2019,526.0833789,53.36895354,21.50900535,37.04137564
23/02/2019,485.3545724,45.51335199,19.78060791,34.77719579
02/03/2019,592.5108904,54.06724523,20.38899819,34.08772595
09/03/2019,497.8730931,53.588064,21.26479164,35.08217115
16/03/2019,487.5885327,60.53484525,23.11482449,37.82118829
23/03/2019,511.6305422,51.12039231,21.85740772,28.85388977
30/03/2019,444.1487879,53.38390121,23.66628372,28.17178082
06/04/2019,437.2514591,53.59090642,23.86016862,22.46387267
13/04/2019,468.9138188,46.59162579,22.43705709,22.63403962
20/04/2019,444.393734,52.30600722,21.89191364,21.78442832
27/04/2019,479.5024912,49.35499832,23.25280033,26.07832184
04/05/2019,474.5969798,51.49895439,23.01476011,25.65651388
11/05/2019,452.7962901,43.92010866,22.17365461,24.32535192
18/05/2019,532.0362681,50.51951022,22.11446303,21.58223875
25/05/2019,439.1093562,44.50400358,22.11865474,20.51913646
01/06/2019,390.7420879,47.96657366,22.68708007,18.94668385
08/06/2019,428.6224317,58.2976657,23.54523675,24.07865266
15/06/2019,513.2456035,57.09645287,22.82025265,27.07599356
22/06/2019,476.7655963,56.44755162,23.55749304,31.43466757
29/06/2019,425.735004,53.79625627,21.94553621,28.95462487
06/07/2019,446.2674115,48.44043592,23.93769161,26.51513274
13/07/2019,482.5332875,56.77321287,22.41587465,32.17309173
20/07/2019,450.7758018,53.2754037,20.42405795,28.63136863
27/07/2019,449.5716343,52.86135457,19.60311812,28.46604064
03/08/2019,551.4472258,50.97679764,19.15437094,27.20430979
10/08/2019,441.6925572,44.04920007,19.34335143,25.96735083
17/08/2019,511.8486427,48.07759955,19.18691961,30.80631651
24/08/2019,496.1551883,55.67415214,18.56894245,25.96140768
31/08/2019,436.0428625,45.78239828,19.00535409,26.95266431
07/09/2019,531.8061651,42.70542149,18.39689089,24.34975863
14/09/2019,424.849913,49.36798117,19.38945041,18.30647536
21/09/2019,411.9444786,51.90307074,19.58884118,22.52023735
28/09/2019,523.7761999,49.64073309,17.49568275,24.74931946
05/10/2019,481.1841255,48.48995469,16.23071151,29.04647032
12/10/2019,473.2780812,44.88386168,15.15432497,20.52148002
19/10/2019,519.2305744,53.31879115,15.70446,25.14454546
26/10/2019,547.8078621,42.37189122,15.72137202,27.26370101
02/11/2019,487.8698796,51.95834374,15.27499161,32.47026371
09/11/2019,485.9492213,44.73337312,16.09710452,29.82962478
16/11/2019,510.1163637,50.50617657,15.08313318,25.33053974
23/11/2019,536.9078882,42.44191025,15.12431653,23.59419663
30/11/2019,538.4486363,44.6069252,13.9837511,26.99972919
07/12/2019,548.9323727,44.53696386,13.00417639,28.81931482
14/12/2019,585.4792338,44.64284447,11.5055331,27.4467433
21/12/2019,535.460338,40.47822607,11.18221468,31.46996
28/12/2019,536.3911107,46.43983028,12.67653799,29.70047525
04/01/2020,573.0913955,47.35183158,11.90094438,30.14771261
11/01/2020,505.7549659,45.3283405,12.46669662,31.08639576
18/01/2020,508.3288031,43.74677382,13.8361514,33.59772805
25/01/2020,510.9914585,45.2472999,13.53590783,32.18411616
01/02/2020,590.9986992,44.78216065,12.51267038,33.86840489
08/02/2020,473.4971749,47.03792906,11.78420126,33.52024662
15/02/2020,589.3583435,50.24121944,11.45432353,33.43399511
22/02/2020,566.3505487,44.41153047,10.31870666,37.45883497
29/02/2020,631.0777175,47.81161376,9.299322448,37.23434644
07/03/2020,601.0339934,48.47536673,9.166705933,34.61604659
14/03/2020,637.4171382,45.82170478,8.665742712,39.64659175
21/03/2020,543.4434947,45.00877547,6.928023134,38.68888583
28/03/2020,621.551473,50.08876413,7.370222576,37.41322918
04/04/2020,633.2110182,46.86304103,8.144242635,37.47014312
11/04/2020,643.2344081,46.75464475,9.524763946,39.47009211
18/04/2020,608.5510328,44.84189312,10.15491182,38.29470031
25/04/2020,634.6696062,48.95275618,12.13349379,39.51481675
02/05/2020,573.2583965,44.67634372,12.59802282,37.19253584
09/05/2020,570.4353853,50.89189913,14.3861317,39.67171387
16/05/2020,561.7802382,55.79836862,13.55080224,39.94587462
23/05/2020,551.3422136,50.74565431,12.45446687,37.91607054
30/05/2020,557.8628103,47.49083494,12.93411121,39.67803769
06/06/2020,595.3874433,45.12095057,12.14057128,40.56434941
13/06/2020,635.8421528,58.48908597,12.9564599,37.84813045
20/06/2020,650.0818907,52.29256379,12.87534918,41.15628203
27/06/2020,673.3742595,48.6601575,12.50890193,40.17177113
04/07/2020,523.515924,42.25349678,10.38553872,33.69483031
11/07/2020,577.988647,52.30336156,10.93189627,36.45590794
18/07/2020,557.8928752,46.72992825,12.12946596,37.73916326
25/07/2020,617.6690071,41.43535283,11.7780684,33.9950009
01/08/2020,594.0738202,46.43996814,11.54850697,33.11492531
08/08/2020,593.0464647,53.53706573,11.20000206,33.16784648
15/08/2020,498.1705015,42.97881096,11.47651046,26.86824388
22/08/2020,541.5858384,37.1227403,11.49892609,24.28560717
29/08/2020,530.6694997,42.65232908,12.70479764,25.30362955
05/09/2020,446.3733097,40.57775723,14.15514999,21.97772546
12/09/2020,565.1972238,46.97782631,11.63141049,22.59168356
19/09/2020,516.3234073,39.63507595,12.97783834,24.44606241
26/09/2020,518.1577502,42.88611562,12.30041218,25.12684308
03/10/2020,510.7562737,41.27849099,12.20849442,29.82058255
10/10/2020,547.0730971,47.09886219,11.72784289,27.98061813
17/10/2020,546.1922778,47.3376535,13.0253255,23.59885416
24/10/2020,415.7769764,37.37587717,13.34363897,18.11329088
31/10/2020,470.2844265,42.76432206,13.38969237,18.29332208
07/11/2020,526.2278746,40.7137102,12.83266481,17.2167053
14/11/2020,542.1378969,42.28568896,12.16512086,20.84140261
21/11/2020,474.7438151,40.07128188,12.76029647,23.89061462
28/11/2020,507.126888,35.81668072,11.98563367,20.10860574
05/12/2020,500.5209453,40.62605917,12.17084856,21.85002147
12/12/2020,548.250762,48.14685258,12.50297624,22.11251894
19/12/2020,504.1555103,45.5022126,12.96046973,21.24578018
26/12/2020,517.8733327,41.21264202,13.68034955,24.522966
02/01/2021,480.6447664,49.91309841,15.3378969,21.27709909
09/01/2021,533.9031904,44.66915677,15.92910699,26.45110802
16/01/2021,516.0640593,44.12814148,15.49654452,23.29359325
23/01/2021,480.5044868,36.59967216,14.93935905,17.85864349
30/01/2021,477.2211805,39.18509876,16.32325397,21.42838116
06/02/2021,461.8234759,46.62964955,15.55075799,25.21193284
13/02/2021,496.3241537,42.00550034,17.19628916,24.65887054
20/02/2021,500.5232574,46.40735137,16.78673227,25.49219909
27/02/2021,462.8830155,44.10856324,16.73749683,26.99797227
06/03/2021,477.2071041,51.69307309,17.58348816,26.79838461
13/03/2021,487.5581064,49.7337094,18.74118323,25.10074629
20/03/2021,480.4999692,45.84404601,20.01127642,26.65304942
27/03/2021,550.288826,49.77509724,20.76750906,27.7195415
03/04/2021,502.4267137,46.86395737,20.84448466,28.27628269
10/04/2021,505.6279743,50.70166952,21.20602973,33.18849541
17/04/2021,497.6857482,44.98669913,21.7869197,27.70904506
24/04/2021,472.8951687,46.6836399,22.31302196,28.227312
01/05/2021,547.6145817,50.39851553,20.88829387,27.77538139
08/05/2021,551.0013461,51.95364035,19.82721619,27.3019894
15/05/2021,484.3231004,54.90779067,20.2834813,28.07191305
22/05/2021,486.8119838,44.7196945,18.64156922,28.04371179
29/05/2021,455.1790414,49.46374772,19.70158014,27.56274053
05/06/2021,518.260841,53.19602571,18.33499888,24.95603029
12/06/2021,518.5456403,46.84879334,18.13666853,28.83055459
19/06/2021,477.9452712,43.62320807,17.55214643,27.66851591
26/06/2021,459.5473651,44.11366941,16.97149199,25.22790337
03/07/2021,459.5441809,45.06667288,16.27328636,23.73847971
10/07/2021,542.5781786,46.02364308,15.02335439,29.60297061
17/07/2021,499.4552317,46.97159032,13.35684984,31.80491248
24/07/2021,592.8274755,46.10904643,14.2415099,36.14275317
31/07/2021,515.6190555,45.41591071,13.88392762,29.73329226
07/08/2021,511.1778114,50.9969677,13.55274383,31.5868954
14/08/2021,503.1185377,44.20418889,13.14943007,30.38491487
21/08/2021,505.8050288,49.85054585,12.32060879,31.74996332
28/08/2021,492.1666874,45.61163174,13.32144447,30.46148031
04/09/2021,495.615245,50.40636853,14.48062032,30.95953474
11/09/2021,508.3219678,48.34861966,13.30758794,32.20364366
18/09/2021,592.9566922,44.41301485,12.25410221,31.44498977
25/09/2021,603.5358728,45.28783045,11.85275986,30.51382873
02/10/2021,553.5689666,40.1801961,9.863627321,31.15996073
09/10/2021,571.1057377,49.85340003,9.552738923,30.07683079
16/10/2021,564.501793,46.28633374,10.20007995,30.38068789
23/10/2021,601.3963706,46.13965159,9.368301816,32.83097081
30/10/2021,596.6690789,45.9018395,10.37409536,33.35508966
06/11/2021,541.549145,48.99554333,11.20577757,32.11685538
13/11/2021,530.6185104,46.11929508,12.30728269,30.54613548
20/11/2021,570.8193125,48.19722232,12.81142964,35.0327601
27/11/2021,606.6689783,50.75741894,12.89292828,36.38771768
04/12/2021,642.6790047,46.50107102,13.68049722,34.84928134
11/12/2021,537.2330864,50.18973737,14.39553885,36.83340959
18/12/2021,579.5832564,52.41658517,14.0983775,38.83532751
25/12/2021,568.4207391,51.73784593,12.86919522,37.20034637
01/01/2022,563.0746964,49.36627452,12.64293156,40.18646151
08/01/2022,624.7667257,46.87899983,11.43724254,39.69512478
15/01/2022,575.8436376,52.67842668,10.52834593,37.97567901
22/01/2022,659.6297167,49.45456284,8.782256539,39.74542738
29/01/2022,608.8980928,48.66384013,8.50884283,35.24506337
05/02/2022,566.6343867,43.82780058,9.230555849,31.34536417
12/02/2022,646.3013106,43.74329918,10.16284447,33.43410773
19/02/2022,544.4543571,44.8868511,11.3969473,28.59693536
26/02/2022,498.381929,46.99826048,12.25133774,26.62695671
05/03/2022,555.1054838,46.36795835,12.94249188,26.22428901
12/03/2022,559.0666727,44.34711893,14.44966316,27.68733007
19/03/2022,505.668523,44.26155216,14.35637502,25.68679065
26/03/2022,468.7224231,49.28832295,14.15066974,28.65766763
02/04/2022,509.7243356,46.36270801,14.89570495,26.1898075
09/04/2022,602.0192999,45.67659777,16.59742294,28.50969442
16/04/2022,544.1671307,45.30053422,17.64484147,24.51043946
23/04/2022,482.0323796,43.91156011,20.88524296,25.2185406
30/04/2022,505.9834696,48.79586348,21.67187645,26.14656871
07/05/2022,462.4033029,46.17536223,22.12426071,25.14731794
14/05/2022,385.802229,52.80532949,23.62948598,23.57578129
21/05/2022,396.5934301,42.34281263,24.04870416,13.48531784
28/05/2022,455.2639415,45.4691353,23.08992681,15.44692639
04/06/2022,473.7127697,47.78128838,21.61308195,15.40275398
11/06/2022,479.0427911,48.54979819,21.89655009,19.5107576
18/06/2022,504.9858471,44.91569429,22.07688771,23.86460974
25/06/2022,489.0968169,47.56481606,21.35739263,25.78154902
02/07/2022,520.4764712,51.12255436,20.22406513,30.76864146
09/07/2022,400.094261,48.32220217,21.35754269,26.89132111
16/07/2022,523.0540714,52.70565654,20.3566404,34.24521377
23/07/2022,554.9547139,50.52088228,21.56778606,32.07126623
30/07/2022,510.4434915,51.56922134,22.59385632,35.25255512
06/08/2022,483.07361,51.84631008,22.27674672,36.66495122
13/08/2022,429.6296966,47.55525776,22.54463222,30.95236639
20/08/2022,511.3622829,46.59769264,22.11800402,28.91917452
27/08/2022,450.0188011,49.21235941,21.20057075,31.73402289
03/09/2022,511.562653,53.69870918,21.07235542,35.91063213
10/09/2022,483.9414314,57.44139826,21.72503608,37.26901628
17/09/2022,568.1050803,53.41706859,22.99702223,38.78256308
24/09/2022,473.3932045,54.14240078,22.04378954,37.34567115
01/10/2022,533.1024825,63.12209936,20.63204526,37.30879285
08/10/2022,520.9054679,55.82032663,19.9431482,37.21457148
15/10/2022,565.5291305,51.15962581,19.56258318,36.4992437
22/10/2022,592.5221552,54.27692705,19.27029304,39.20557504
29/10/2022,498.7759776,55.10992664,20.75779361,36.82132388
05/11/2022,482.0739371,44.48812063,21.88990146,33.64071816
12/11/2022,575.3614882,54.53011363,20.92790701,32.03944976
19/11/2022,462.4832155,52.65458494,22.11480816,31.39531696
26/11/2022,574.3206126,50.61421663,20.72049948,32.75853645
03/12/2022,509.6863714,48.72952883,20.7816332,28.06703645
10/12/2022,512.8493207,50.82269793,20.76835553,26.59746965
17/12/2022,524.4399198,49.78137942,21.65183394,30.09580412
24/12/2022,515.534905,52.88121633,22.6335795,30.85999156
31/12/2022,517.2758027,51.80894249,22.3296642,30.75733811
07/01/2023,451.4749793,53.76185014,22.05322616,35.33899413
14/01/2023,509.3388892,43.47056906,21.85714508,31.60349159
21/01/2023,442.7550507,53.70183135,21.76628753,24.43869257
28/01/2023,458.5738928,52.19682264,23.13832702,23.84748418
04/02/2023,483.2870478,52.98605818,24.47651319,25.13490552
11/02/2023,461.2349801,46.22353114,24.69138145,26.31363218
18/02/2023,454.8519632,47.91739908,24.02558644,25.46431184
25/02/2023,443.4133218,45.44651625,24.22590463,21.23921705
04/03/2023,461.0325466,50.76616792,24.40142735,25.64598871
11/03/2023,481.5886989,54.54612206,23.65351596,28.89993155
18/03/2023,488.583246,51.59294214,21.48946492,28.3991281
25/03/2023,529.5542764,51.28276215,21.16747945,31.33245235
01/04/2023,513.5446983,54.61753781,21.38667467,33.24271891
08/04/2023,509.4800959,53.57353588,23.38472045,39.15702046
15/04/2023,510.0889849,59.2469701,22.31512007,33.1155259
22/04/2023,553.6928319,48.74955402,21.6707641,34.1498628
29/04/2023,511.5121748,53.83387162,21.32874381,33.17838756
06/05/2023,512.1594705,53.2771508,20.55954315,33.13864018
13/05/2023,522.3280033,57.60610017,19.82977614,32.23376726
20/05/2023,534.727604,55.483871,18.37871203,34.68507518
27/05/2023,508.7339545,46.48042029,17.63814025,37.28812745
03/06/2023,552.4589362,56.1971846,19.56889123,39.24911404
10/06/2023,504.5888458,55.84407732,20.86154372,42.92169646
17/06/2023,576.4493432,55.57441721,20.8594795,38.94584647
24/06/2023,616.9569078,50.38482695,22.29811331,39.094717
01/07/2023,498.1209779,62.36986429,22.95028775,40.39477427
08/07/2023,516.327169,54.98637933,23.00851017,42.90785896
15/07/2023,513.5968633,50.87256983,22.55119414,36.05001228
22/07/2023,468.3237376,54.67428183,21.37689683,32.79572838
29/07/2023,521.0663698,53.02019459,21.44784452,30.50755528
05/08/2023,494.2493886,56.62372086,21.02388426,29.39562974
12/08/2023,442.5757603,48.76125562,21.69446319,26.02556795
19/08/2023,449.5483671,44.7332614,21.41867754,21.6867515
26/08/2023,440.0867803,43.53955231,21.52311757,18.8025779
02/09/2023,415.1202779,45.76560089,22.98581082,10.75884454
09/09/2023,434.2345761,40.92757535,21.01242823,14.5756905
16/09/2023,408.8986397,39.41588995,21.66282823,14.34647052
23/09/2023,418.4779954,47.62112873,21.24504517,17.25933474
30/09/2023,415.4490807,42.19477296,21.25438133,15.98339858
07/10/2023,502.3169439,44.42730266,20.72712498,16.52371481
14/10/2023,505.1551141,43.34048998,19.02097076,20.72725096
21/10/2023,477.4448816,46.60857973,18.60367016,26.0233495
28/10/2023,501.7802896,49.52677377,17.51155464,29.35545675
04/11/2023,552.5851735,47.5460189,17.71033156,32.35947412
11/11/2023,485.981924,42.37016648,17.08845299,28.23613163
18/11/2023,458.7135971,51.37193617,18.37273821,30.75932709
25/11/2023,536.5587513,49.37860476,17.97697997,27.72282704
02/12/2023,568.2674108,49.81543448,17.70094167,25.72162786
09/12/2023,440.6683035,52.47173382,17.3673118,31.1596959
16/12/2023,515.3868878,55.09532483,17.55908486,27.24558205
23/12/2023,500.2654725,51.24483749,16.24157214,25.52998797
30/12/2023,546.179693,51.08912233,16.35327782,26.87877587
06/01/2024,447.2166264,47.2589336,17.67964928,25.67003044
13/01/2024,482.5477008,48.97628617,17.38650775,30.73475265
20/01/2024,532.2913016,56.44117035,17.94750191,32.36097322
27/01/2024,462.1960224,45.98704397,19.08538628,32.90846869
03/02/2024,555.711033,50.37401815,19.27048405,33.26131584
10/02/2024,580.2233106,55.7970869,21.04364387,39.82191959
17/02/2024,501.5698686,45.92210503,21.33551612,32.94836604
24/02/2024,449.5570395,50.86121843,19.95786179,29.13940767
02/03/2024,510.4194939,45.21753938,18.66223578,30.83762345
09/03/2024,528.1201321,50.02662709,19.24678673,33.29247752
16/03/2024,525.226829,53.30600172,18.48759218,37.68976431
23/03/2024,567.557669,49.95168124,19.43284669,39.29534192
30/03/2024,546.7500468,52.32351224,18.67776714,39.4204604
06/04/2024,484.6289229,54.62194259,20.11167362,37.39183596
13/04/2024,527.9405416,55.08853727,20.13923525,36.63442445
20/04/2024,537.2304177,53.3165869,20.2801907,37.77778798
27/04/2024,497.0147442,47.76708391,21.15336495,35.8282988
04/05/2024,520.6239476,51.08852768,19.34108522,35.46812809
11/05/2024,522.2945522,46.64297669,18.10657665,31.51438335
18/05/2024,558.800999,55.23979033,19.39526645,32.63858191
25/05/2024,475.8566388,46.05230748,19.17600909,30.20178475
01/06/2024,556.9177276,47.03688363,19.27843492,26.97775348
08/06/2024,478.3494003,56.31633086,20.82084193,31.82188245
15/06/2024,510.2130928,51.52339306,21.84529827,33.35250572
22/06/2024,536.8145327,53.79479922,21.64384117,30.69678568
29/06/2024,508.8323909,51.53809084,21.62925676,29.78848242
